model,uv_range,n_samples,mae,rmse,mbe
attention_lstm,Low,22474,0.15054029519648576,0.22928569250897476,-0.03949692134913748
attention_lstm,Moderate,12065,0.4185243048215377,0.6298585624452567,0.045840500075936666
attention_lstm,High,2164,0.7033476982671981,0.9500003730839632,0.33894700428915114
attention_lstm,Very High,2131,0.7227171428435176,1.0762072304939518,0.5133998849368442
attention_lstm,Extreme,55,0.8426622564142401,1.053845393298877,0.7582230654629794
