model,uv_range,n_samples,mae,rmse,mbe
attention_lstm,Low,22477,0.15530806300862407,0.23976838487075317,-0.02569442798815737
attention_lstm,Moderate,12065,0.4103129884982277,0.6151260749784835,0.012376361687648756
attention_lstm,High,2166,0.725877713078387,0.9615995347124086,0.42156502821879155
attention_lstm,Very High,2137,0.8091466817333701,1.1763489833965954,0.679686280461634
attention_lstm,Extreme,55,0.9231381849809126,1.112923614757516,0.8639262459494851
