model,uv_range,n_samples,mae,rmse,mbe
attention_lstm,Low,22435,0.15662471151595023,0.24020364691450005,-0.03347035089745563
attention_lstm,Moderate,12059,0.43163313490210187,0.6574900381392653,0.005719234925793696
attention_lstm,High,2135,0.7109956674330128,0.9654244109614807,0.27599840275856036
attention_lstm,Very High,2082,0.7179600945123678,1.0574565686030934,0.4825235377356596
attention_lstm,Extreme,55,0.7666358600963246,0.8927934064341244,0.7144426519220526
