model,uv_range,n_samples,mae,rmse,mbe
attention_lstm,Low,22477,0.16908792783689147,0.250678966539596,-0.04928191254243507
attention_lstm,Moderate,12065,0.44837322854620265,0.658550513767026,0.09232241716120088
attention_lstm,High,2166,0.8182174688340994,1.0683947807926448,0.48694108243574175
attention_lstm,Very High,2137,0.8307386764478171,1.2077416621738957,0.6473882798563949
attention_lstm,Extreme,55,0.8315859014337713,0.9512479719778999,0.8155799172141335
