model,uv_range,n_samples,mae,rmse,mbe
attention_lstm,Low,22463,0.16204535116737614,0.24846887577678464,-0.051437396157788494
attention_lstm,Moderate,12062,0.44022286318760173,0.6626536445723459,-0.06902835789534845
attention_lstm,High,2151,0.6986497518130648,0.9276204672214409,0.2740443591903055
attention_lstm,Very High,2111,0.7266911739763181,1.0114917959637655,0.4383092233774392
attention_lstm,Extreme,55,0.7689291000366211,0.9406247164551973,0.6259198102084074
